name,phone,share,kilos
Adhiambo Bett,0717400001,0.125,150
Agnes Musyoka,0717400002,1.5,1800
Agnes Muthama,0717400003,0.125,150
Agnes Mwangi,0717400004,0.125,150
Agnes Njenga,0717400005,0.25,300
Agnes Omondi,0717400006,0.125,150
Alfred Kioko,0717400007,0.125,150
Alfred Muturi,0717400008,0.125,150
Alfred Ndirangu,0717400009,1.5,1800
Alfred Rotich,0717400010,1,1200
Alice Mwenda,0717400011,0.125,150
Alice Omondi,0717400012,0.125,150
Amina Bett,0717400013,0.125,150
Amina Cheruiyot,0717400014,0.125,150
Amina Musyoka,0717400015,0.125,150
Amina Ndungu,0717400016,0.125,150
Amos Gichuru,0717400017,0.25,300
Amos Langat,0717400018,0.125,150
Andrew Ndegwa,0717400019,0.25,300
Ann Gichuru,0717400020,0.125,150
Ann Ngugi,0717400021,0.125,150
Ann Njoroge,0717400022,0.125,150
Ann Rotich,0717400023,0.125,150
Atieno Thuo,0717400024,0.125,150
Awino Musyoka,0717400025,1.5,1800
Beatrice Kariuki,0717400026,0.125,150
Beatrice Odhiambo,0717400027,0.25,300
Benjamin Gitau,0717400028,0.125,150
Benjamin Irungu,0717400029,0.875,1050
Benjamin Kirimi,0717400030,0.125,150
Benjamin Rono,0717400031,0.125,150
Boniface Gitau,0717400032,0.125,150
Caroline Kirui,0717400033,1.125,1350
Caroline Mungai,0717400034,0.125,150
Caroline Muthama,0717400035,1.125,1350
Caroline Rono,0717400036,1,1200
Catherine Kibicho,0717400037,0.125,150
Catherine Kiptoo,0717400038,0.125,150
Cecilia Kosgei,0717400039,0.625,750
Cecilia Muthama,0717400040,0.25,300
Charity Hinga,0717400041,0.125,150
Charity Korir,0717400042,0.125,150
Charity Njoroge,0717400043,0.125,150
Charles Bett,0717400044,0.125,150
Charles Gitau,0717400045,0.125,150
Charles Maina,0717400046,0.25,300
Christopher Korir,0717400047,0.125,150
Christopher Njenga,0717400048,0.25,300
Christopher Omondi,0717400049,0.75,900
Collins Mungai,0717400050,1.25,1500
Consolata Irungu,0717400051,0.125,150
Consolata Njau,0717400052,0.25,300
Cornelius Bett,0717400053,0.25,300
Cornelius Muchiri,0717400054,0.5,600
Cornelius Njoroge,0717400055,1.125,1350
Cyrus Karanja,0717400056,0.25,300
Cyrus Maina,0717400057,0.125,150
Cyrus Mwirigi,0717400058,0.25,300
Cyrus Ndungu,0717400059,0.125,150
Daniel Kamau,0717400060,0.125,150
Daniel Muhia,0717400061,0.125,150
Daniel Ndungu,0717400062,0.125,150
Daniel Owino,0717400063,0.25,300
Daudi Muturi,0717400064,0.125,150
Daudi Otieno,0717400065,0.125,150
Daudi Rono,0717400066,1,1200
Daudi Warui,0717400067,0.125,150
David Kariuki,0717400068,0.125,150
Dennis Kirimi,0717400069,0.125,150
Dennis Owino,0717400070,0.125,150
Dennis Warui,0717400071,0.125,150
Dominic Ndungu,0717400072,0.125,150
Dominic Njau,0717400073,0.125,150
Duncan Gichuru,0717400074,0.125,150
Duncan Kibicho,0717400075,0.125,150
Duncan Muchiri,0717400076,0.125,150
Edith Kamau,0717400077,0.125,150
Edith Kirimi,0717400078,0.125,150
Edith Okoth,0717400079,0.125,150
Eliud Koome,0717400080,0.25,300
Eliud Musyoka,0717400081,0.125,150
Emmanuel Bett,0717400082,0.125,150
Emmanuel Mbugua,0717400083,0.25,300
Emmanuel Njau,0717400084,0.25,300
Emmanuel Njenga,0717400085,0.125,150
Emmanuel Wambua,0717400086,0.875,1050
Erick Karanja,0717400087,0.75,900
Erick Macharia,0717400088,0.25,300
Erick Rono,0717400089,0.125,150
Erick Thuo,0717400090,0.125,150
Eunice Cheruiyot,0717400091,0.125,150
Eunice Muturi,0717400092,0.125,150
Eunice Wambua,0717400093,0.125,150
Evans Bett,0717400094,0.125,150
Faith Kinyua,0717400095,0.25,300
Faith Kirimi,0717400096,0.25,300
Faith Kosgei,0717400097,0.125,150
Faith Rotich,0717400098,0.125,150
Felix Ndungu,0717400099,0.125,150
Festus Koome,0717400100,0.125,150
Festus Muchiri,0717400101,0.125,150
Florence Odhiambo,0717400102,0.25,300
Francis Chege,0717400103,1,1200
Francis Kioni,0717400104,0.125,150
Francis Ndegwa,0717400105,0.125,150
Francis Okoth,0717400106,0.125,150
Francis Rono,0717400107,0.125,150
Fredrick Hinga,0717400108,0.125,150
Fredrick Kibicho,0717400109,0.125,150
Fredrick Kinoti,0717400110,0.125,150
Fredrick Mbugua,0717400111,0.125,150
Gabriel Kariuki,0717400112,0.125,150
Gabriel Kimani,0717400113,0.125,150
Gathigia Njenga,0717400114,0.125,150
Gathigia Njoroge,0717400115,0.125,150
Gathoni Korir,0717400116,0.125,150
Gathoni Mutiso,0717400117,0.125,150
Geoffrey Odhiambo,0717400118,0.25,300
George Kirui,0717400119,0.125,150
George Mungai,0717400120,0.125,150
George Muthama,0717400121,0.125,150
Gerald Kimani,0717400122,0.75,900
Gerald Macharia,0717400123,0.125,150
Gerald Maina,0717400124,1.25,1500
Gerald Owino,0717400125,0.125,150
Gideon Muchiri,0717400126,0.625,750
Gideon Mwirigi,0717400127,0.625,750
Gladys Maina,0717400128,0.125,150
Gladys Muchiri,0717400129,0.125,150
Grace Njau,0717400130,0.125,150
Grace Rono,0717400131,0.125,150
Halima Kirimi,0717400132,0.125,150
Halima Njenga,0717400133,0.125,150
Harrison Muthama,0717400134,0.125,150
Harrison Njoroge,0717400135,0.125,150
Hellen Mbugua,0717400136,0.125,150
Hellen Ndungu,0717400137,0.125,150
Hellen Ngugi,0717400138,0.25,300
Henry Kimani,0717400139,0.125,150
Henry Mwenda,0717400140,0.125,150
Hillary Cheruiyot,0717400141,0.125,150
Hillary Hinga,0717400142,0.125,150
Hillary Kirui,0717400143,0.125,150
Humphrey Gakuo,0717400144,0.125,150
Humphrey Kirui,0717400145,0.125,150
Humphrey Kosgei,0717400146,0.25,300
Humphrey Macharia,0717400147,0.125,150
Humphrey Muthama,0717400148,0.125,150
Humphrey Njenga,0717400149,0.125,150
Humphrey Okoth,0717400150,0.75,900
Humphrey Rotich,0717400151,0.25,300
Irene Gichuru,0717400152,0.125,150
Irene Kamau,0717400153,0.125,150
Irene Muthama,0717400154,0.125,150
Isaac Mungai,0717400155,0.125,150
Isaac Njoroge,0717400156,0.125,150
Jacinta Musyoka,0717400157,0.25,300
Jacinta Ndegwa,0717400158,1.25,1500
Jacinta Warui,0717400159,0.25,300
Jackline Muhia,0717400160,0.125,150
Jackson Kiptoo,0717400161,0.125,150
Jackson Kirui,0717400162,0.125,150
Jacob Kibicho,0717400163,0.875,1050
Jacob Kimani,0717400164,0.125,150
Jacob Wambua,0717400165,0.625,750
James Muchiri,0717400166,0.125,150
James Musyoka,0717400167,0.125,150
James Otieno,0717400168,0.125,150
Janet Mutua,0717400169,0.125,150
Janet Ndirangu,0717400170,0.125,150
Janet Okoth,0717400171,0.125,150
Janet Owino,0717400172,0.125,150
Jepkemboi Karanja,0717400173,0.125,150
Jepkemboi Langat,0717400174,0.125,150
Jepkemboi Mutiso,0717400175,0.25,300
Jepkemboi Njau,0717400176,0.125,150
Jeruto Kariuki,0717400177,1.25,1500
Jeruto Mwangi,0717400178,0.125,150
Jeruto Waithaka,0717400179,0.125,150
Joel Njoroge,0717400180,0.125,150
Joel Okoth,0717400181,0.125,150
Joseph Kamau,0717400182,0.625,750
Joseph Kioni,0717400183,0.75,900
Joseph Koome,0717400184,0.25,300
Josphat Kiptoo,0717400185,0.125,150
Joyce Macharia,0717400186,0.125,150
Joyce Mungai,0717400187,0.125,150
Joyce Rono,0717400188,0.125,150
Justus Chege,0717400189,0.5,600
Justus Rotich,0717400190,0.125,150
Kagendo Muhia,0717400191,0.25,300
Kelvin Kariuki,0717400192,0.125,150
Kennedy Kamau,0717400193,0.125,150
Kennedy Ndirangu,0717400194,0.125,150
Kenneth Muchiri,0717400195,0.125,150
Kenneth Rotich,0717400196,0.25,300
Kenneth Wambua,0717400197,0.125,150
Kevin Kamau,0717400198,0.125,150
Kevin Mutiso,0717400199,0.125,150
Kiprono Gathogo,0717400200,0.125,150
Kiprono Kibicho,0717400201,0.125,150
Kiprono Ochieng,0717400202,0.125,150
Laban Okoth,0717400203,0.75,900
Laban Omondi,0717400204,0.125,150
Laban Waweru,0717400205,0.125,150
Lawrence Kiptoo,0717400206,0.125,150
Lawrence Kosgei,0717400207,0.125,150
Lawrence Odhiambo,0717400208,0.125,150
Leonard Musyoka,0717400209,0.125,150
Leonard Rotich,0717400210,0.125,150
Lilian Kioko,0717400211,0.25,300
Lilian Macharia,0717400212,0.25,300
Lilian Muturi,0717400213,0.125,150
Lilian Ndungu,0717400214,0.125,150
Loise Thuo,0717400215,0.125,150
Lucy Bett,0717400216,0.125,150
Lucy Irungu,0717400217,0.125,150
Lucy Owino,0717400218,0.125,150
Lucy Waithaka,0717400219,1.125,1350
Lydia Gathogo,0717400220,1.5,1800
Lydia Mutiso,0717400221,0.125,150
Makena Kariuki,0717400222,0.25,300
Makena Langat,0717400223,0.5,600
Makena Musyoka,0717400224,0.125,150
Margaret Kioni,0717400225,1.375,1650
Martin Mutua,0717400226,0.125,150
Martin Warui,0717400227,0.125,150
Mercy Muthama,0717400228,0.125,150
Michael Muchiri,0717400229,0.25,300
Michael Mutiso,0717400230,0.125,150
Millicent Irungu,0717400231,0.25,300
Millicent Kinoti,0717400232,0.125,150
Millicent Kinyua,0717400233,0.125,150
Monica Kinyua,0717400234,0.25,300
Monica Muriuki,0717400235,0.125,150
Mukami Gakuo,0717400236,0.125,150
Mukami Mutua,0717400237,0.25,300
Mukami Ngugi,0717400238,0.125,150
Mumbi Kioko,0717400239,0.125,150
Mumbi Muturi,0717400240,0.25,300
Mumbi Ndegwa,0717400241,0.25,300
Muthoni Bett,0717400242,0.125,150
Muthoni Kiptoo,0717400243,0.125,150
Nancy Cheruiyot,0717400244,1.375,1650
Nancy Kioko,0717400245,0.125,150
Nancy Mbugua,0717400246,0.125,150
Naomi Waweru,0717400247,0.125,150
Nathan Karanja,0717400248,0.125,150
Neema Kirimi,0717400249,0.125,150
Neema Wambua,0717400250,0.125,150
Nelson Kamau,0717400251,0.125,150
Nicholas Irungu,0717400252,0.125,150
Nicholas Mungai,0717400253,1.375,1650
Nicholas Muturi,0717400254,0.125,150
Nixon Hinga,0717400255,0.125,150
Nixon Kioni,0717400256,0.125,150
Nixon Njau,0717400257,1.125,1350
Njambi Kirui,0717400258,0.125,150
Njambi Musyoka,0717400259,0.125,150
Njambi Njenga,0717400260,0.25,300
Njeri Chege,0717400261,0.125,150
Njeri Ndungu,0717400262,0.125,150
Nyaguthii Bett,0717400263,0.125,150
Nyaguthii Cheruiyot,0717400264,0.125,150
Nyaguthii Gitau,0717400265,0.125,150
Nyambura Gakuo,0717400266,0.125,150
Nyambura Mwangi,0717400267,0.125,150
Nyawira Kibicho,0717400268,0.125,150
Nyawira Ndegwa,0717400269,0.125,150
Nyokabi Gichuru,0717400270,0.25,300
Nyokabi Kibicho,0717400271,0.125,150
Nyokabi Ochieng,0717400272,0.125,150
Patricia Kimani,0717400273,1.125,1350
Patricia Waweru,0717400274,0.125,150
Patrick Mutiso,0717400275,0.125,150
Patrick Njoroge,0717400276,0.25,300
Patrick Warui,0717400277,0.125,150
Paul Gakuo,0717400278,0.125,150
Paul Njau,0717400279,0.125,150
Pauline Kirimi,0717400280,0.125,150
Pauline Ngugi,0717400281,0.625,750
Peris Gitau,0717400282,0.125,150
Peris Kamau,0717400283,0.125,150
Peter Karanja,0717400284,0.125,150
Peter Otieno,0717400285,0.125,150
Peterson Gakuo,0717400286,0.125,150
Peterson Kibicho,0717400287,0.125,150
Philip Bett,0717400288,0.25,300
Philip Muthama,0717400289,0.125,150
Raymond Koome,0717400290,1.125,1350
Raymond Muhia,0717400291,0.125,150
Raymond Njenga,0717400292,1.25,1500
Raymond Omondi,0717400293,0.125,150
Rebecca Cheruiyot,0717400294,0.125,150
Rebecca Mutiso,0717400295,0.125,150
Rebecca Ndegwa,0717400296,0.125,150
Rehema Irungu,0717400297,0.125,150
Rehema Kinyua,0717400298,0.125,150
Rehema Mutua,0717400299,0.125,150
Rehema Rono,0717400300,0.25,300
Reuben Koome,0717400301,0.125,150
Reuben Muturi,0717400302,0.125,150
Richard Chege,0717400303,0.125,150
Richard Waithaka,0717400304,0.25,300
Robert Hinga,0717400305,0.125,150
Robert Musyoka,0717400306,0.125,150
Rose Bett,0717400307,0.125,150
Rose Kirimi,0717400308,0.125,150
Rose Mwenda,0717400309,0.25,300
Rose Ngugi,0717400310,0.125,150
Rosemary Gitau,0717400311,0.125,150
Rosemary Kioni,0717400312,0.125,150
Rosemary Mutua,0717400313,0.125,150
Rosemary Mwangi,0717400314,0.125,150
Ruth Rotich,0717400315,0.125,150
Salome Mwangi,0717400316,0.125,150
Sarah Kinyua,0717400317,0.125,150
Sarah Mungai,0717400318,0.125,150
Sharon Gathogo,0717400319,0.125,150
Sharon Kosgei,0717400320,0.125,150
Sharon Mungai,0717400321,0.125,150
Sharon Musyoka,0717400322,0.125,150
Sharon Muthama,0717400323,0.125,150
Sharon Njoroge,0717400324,0.125,150
Sharon Omondi,0717400325,0.125,150
Silas Maina,0717400326,0.125,150
Solomon Kamau,0717400327,0.125,150
Solomon Karanja,0717400328,0.25,300
Solomon Kosgei,0717400329,0.125,150
Solomon Muhia,0717400330,0.125,150
Stanley Muchiri,0717400331,1,1200
Stanley Muthama,0717400332,0.125,150
Stanley Rotich,0717400333,0.125,150
Stephen Odhiambo,0717400334,0.125,150
Susan Bett,0717400335,0.25,300
Susan Mutiso,0717400336,0.125,150
Susan Waweru,0717400337,0.125,150
Tabitha Kioni,0717400338,0.125,150
Tabitha Koome,0717400339,0.125,150
Teresia Kibicho,0717400340,0.125,150
Teresia Muriuki,0717400341,0.125,150
Thomas Ndegwa,0717400342,0.125,150
Timothy Kirui,0717400343,0.125,150
Timothy Njenga,0717400344,0.125,150
Titus Cheruiyot,0717400345,0.125,150
Titus Kariuki,0717400346,0.25,300
Titus Kioko,0717400347,0.25,300
Titus Njoroge,0717400348,0.125,150
Tobias Mwirigi,0717400349,0.125,150
Veronica Chege,0717400350,0.125,150
Veronica Kioni,0717400351,0.25,300
Victor Karanja,0717400352,0.75,900
Victor Muriuki,0717400353,0.125,150
Vincent Kioni,0717400354,0.125,150
Vivian Mwirigi,0717400355,0.125,150
Vivian Rono,0717400356,0.125,150
Waceke Macharia,0717400357,0.125,150
Waceke Mungai,0717400358,0.125,150
Waceke Mwirigi,0717400359,0.125,150
Waceke Ndirangu,0717400360,0.25,300
Waceke Okoth,0717400361,0.75,900
Wahu Karanja,0717400362,0.125,150
Wahu Thuo,0717400363,0.125,150
Wairimu Mwangi,0717400364,0.125,150
Waithira Karanja,0717400365,0.125,150
Wamuyu Mwirigi,0717400366,1.5,1800
Wangui Langat,0717400367,0.125,150
Wangui Muriuki,0717400368,0.125,150
Wanja Kariuki,0717400369,0.125,150
Wanja Kiptoo,0717400370,0.125,150
Wanja Korir,0717400371,0.25,300
Wanja Njau,0717400372,0.125,150
Wanjiku Korir,0717400373,0.125,150
Wanjiku Mwangi,0717400374,0.125,150
Wanjira Mbugua,0717400375,0.125,150
Wanjira Muchiri,0717400376,0.125,150
Wanjiru Kirimi,0717400377,0.125,150
Wanjiru Muturi,0717400378,0.125,150
Wanjiru Mwangi,0717400379,0.125,150
Wesley Gitau,0717400380,0.125,150
Wesley Mbugua,0717400381,0.125,150
Wesley Muthama,0717400382,0.125,150
Wesley Ndungu,0717400383,0.25,300
Wesley Okoth,0717400384,0.125,150
Wesley Rotich,0717400385,0.125,150
Wesley Waithaka,0717400386,1.5,1800
Wilson Gakuo,0717400387,1.5,1800
Wilson Owino,0717400388,0.25,300
Wilson Rono,0717400389,0.125,150
Yusuf Langat,0717400390,0.125,150
Yusuf Muthama,0717400391,0.125,150
Yusuf Njoroge,0717400392,0.125,150
Yvonne Kirui,0717400393,1.25,1500
Yvonne Koome,0717400394,0.25,300
Zakayo Gichuru,0717400395,0.125,150
Zakayo Karanja,0717400396,0.25,300
Zakayo Macharia,0717400397,0.25,300
Zakayo Maina,0717400398,0.125,150
Zawadi Kimani,0717400399,0.125,150
Zawadi Muchiri,0717400400,0.125,150
